Label,Pulgar,Indice,Corazon,Anular,Mennique,Pulgar_std,Indice_std,Corazon_std,Anular_std,Mennique_std,Pitch_median,Roll_median,Pitch_range,Roll_range,A_mag_mean,A_mag_std,G_mag_mean,G_mag_std
A,2787.4,2643.7,2672.1,2891.5,3756.0,5.370288632839021,5.933801479658718,10.72800074571213,6.974955196988724,5.674504383644443,-1.2147540134436838,-3.079173843593836,0.023257978237267052,0.06186784586437977,0.9530303372212598,0.004814180712421022,4.269468531028034,2.4634525492814596
A,2782.4,2642.4,2670.2,2883.2,3753.9,4.054626986542659,5.370288632839022,7.039886362719216,7.730459236035075,6.818357573492315,-1.2163277395968137,-3.050932766389048,0.023208749969441556,0.09161560529141166,0.9554232282563865,0.005143433497643307,6.8360187776371175,1.279885647936068
A,2780.9,2638.6,2667.0,2882.4,3754.7,5.6471231613982,5.817215828899594,10.10940156488009,7.2,2.7946377224964243,-1.2254848915654142,-3.0466173754192054,0.020832352869256443,0.061936184550804185,0.9508359588077425,0.00458033166496237,7.143925608427106,1.670816238028407
A,2786.3,2634.2,2668.8,2878.3,3757.2,6.403905058634146,7.318469785412795,4.791659420284375,9.980480950335009,3.9191835884530852,-1.3696401225724897,-3.0338255736377286,0.05070042013476739,0.14477060991323976,0.9562947579640744,0.007094779096791499,7.361770054327293,1.8248264759176163
A,2785.2,2638.0,2666.9,2877.3,3756.0,4.445222154178573,16.57709262808168,6.378871373526825,7.836453279386027,3.0,-1.4017896191974573,-2.9433720119805726,0.07527157930808759,0.2995838240273718,0.959879796235082,0.010038763853046563,4.401684226730675,2.3380581618408
A,2779.5,2636.5,2666.6,2882.4,3755.5,6.037383539249433,9.113177272499422,4.63033476111609,15.628179676469042,4.006245124802026,-1.4251702575140606,-2.8063318745995187,0.16532515967672334,0.22785704871709989,0.9598885452987647,0.012408892143192756,8.189319428500548,5.24655003768986
A,2784.1,2638.3,2664.2,2879.9,3755.3,6.833008122342604,12.19877042984251,3.682390527904394,7.422263805605403,4.583666654546336,-1.3622610386981706,-2.8960592056697982,0.1041839523292698,0.21687361566640817,0.9549644837402068,0.0057301653379632075,11.177023249896793,2.4356726527320056
A,2798.1,2653.1,2678.4,2889.6,3765.0,4.459820624195552,10.765221781273251,7.017121917139534,9.8812954616285,4.358898943540674,-1.2201014215903696,-2.9737329645883785,0.04379132856413892,0.16266376950117145,0.9507801519538811,0.005206020606467441,6.640667132229825,1.7258794972194613
A,2800.1,2642.1,2675.1,2891.1,3760.1,4.90815647672321,6.803675477269621,3.9862262855989496,4.846648326421054,7.942921376924237,-1.2196793085249662,-2.997873852431132,0.07269317564910649,0.14435914629886115,0.9538550481792749,0.01142571936086651,8.365307104550466,2.7140296694320596
A,2828.3,2635.5,2666.5,2890.5,3757.1,7.335529974037324,16.25576820700886,3.5846896657869842,9.113177272499422,3.1448370387032774,-1.1984897660273983,-2.9976379974320735,0.0414579691523691,0.06401497783434396,0.9494528265227672,0.004396613233870086,7.542198017125449,1.1344421847185262
A,2823.6,2640.4,2665.5,2883.9,3755.5,8.089499366462675,8.392854103342914,6.020797289396148,10.501904589168577,5.315072906367325,-1.1775251067197097,-2.9923431877967035,0.043850576280878295,0.11702129758182211,0.9529094103912735,0.007324997457711442,7.884795366456494,1.647480509476881
A,2800.5,2622.8,2667.5,2882.7,3757.2,4.177319714841085,10.428806259586953,8.958236433584458,8.343260753446462,3.0919249667480613,-1.1880655240841287,-2.9383834022617203,0.03895257484557568,0.1319306071979569,0.9514952063565287,0.007541371264345088,6.869266357346509,1.1212357967115638
A,2802.2,2623.2,2664.2,2881.8,3756.7,9.463614531456784,7.573638491504596,5.861740355901138,14.7770091696527,4.172529209005013,-1.18602532233121,-2.955641895073189,0.09938188438821838,0.13461689201331017,0.9532085395139385,0.009136749843592095,6.19051870359977,2.149306441711239
A,2797.1,2625.6,2666.4,2885.0,3756.3,5.412023651093923,10.278132126023678,10.938007131100255,10.08959860450355,6.277738446287803,-1.1901571902271084,-2.9274446289512257,0.05697465916735123,0.15389395323346333,0.9541450859527826,0.00756008942784099,8.543721867963216,1.946187720361819
A,2795.2,2627.9,2661.5,2886.4,3757.0,2.1354156504062622,7.2034713853808015,10.716809226630843,18.0066654325558,4.774934554525329,-1.1968111011128326,-2.930612007396962,0.043225383721550825,0.10697263946934488,0.9557400126216447,0.009001570639540083,6.500979829140102,1.0124481523088114
A,2795.7,2625.9,2664.2,2884.9,3757.2,3.6619666847201113,9.822932352408827,5.929586832149438,11.175419455215094,4.728636167014756,-1.2074037980903958,-2.9325697107835285,0.06092274691945532,0.09844615921263333,0.9517035437063399,0.006353337453235588,7.870159935225507,2.491447891080858
A,2795.3,2629.6,2668.0,2882.2,3756.2,7.523961722390672,16.310732662881822,6.06630035524124,15.68948692596415,4.093897898091744,-1.1978605123491852,-2.9105019863938963,0.04941352179548564,0.05799939320795344,0.9537250314597205,0.005344564262424326,6.741494834105113,1.0764791692058253
A,2795.6,2617.7,2660.4,2874.6,3753.1,3.4409301068170506,11.899999999999999,10.716342659695052,9.789790600416334,5.3188344587888805,-1.2064606689993351,-2.9183684701429757,0.04992230244925078,0.1757382966853669,0.952749034921397,0.0062670931337348796,6.253131632339651,0.9258913481792842
A,2799.0,2623.9,2661.5,2885.8,3754.2,4.427188724235731,8.203048213926333,13.215521177766695,15.334927453366058,2.1354156504062622,-1.240650461427606,-2.871962277470975,0.1131651075490534,0.19644805207961058,0.956517739298803,0.010188935504110453,11.917470711949715,2.4858985960454567
A,2799.0,2626.3,2663.0,2877.4,3755.2,7.416198487095663,13.92874725163753,5.585696017507576,7.49933330370107,4.6000000000000005,-1.2497280263466535,-2.876707711323273,0.055244960923994224,0.08556253466268693,0.9526853662806867,0.005531082591521179,5.440325096126541,1.320682720586492
A,2803.1,2636.7,2662.7,2873.4,3752.4,6.073713855624086,12.215154522149936,4.382921400162226,14.71189994528239,6.814690014960329,-1.2358952412349185,-2.8590377011202057,0.04365859757897805,0.07414951965862038,0.952370540289618,0.004511539477961421,6.943673151526386,1.1601565259789883
A,2801.4,2632.6,2668.8,2870.8,3756.5,2.33238075793812,10.983624174196786,7.19444229944198,9.651942809610924,4.924428900898052,-1.2376052715178993,-2.8657314309621493,0.05012270559965737,0.10096880034698863,0.9536817369853982,0.007819497459180964,7.07972132862415,1.044780316154692
A,2792.9,2634.9,2659.3,2868.7,3756.0,7.381734213584231,4.592385001282014,11.77327482054165,25.659501164286105,6.587867636800241,-1.2787549383582655,-2.905703897999418,0.04673121353949572,0.15234301841913922,0.954924625623665,0.007678500993255775,4.468344908425459,2.12917208777221
A,2789.0,2635.2,2658.5,2869.1,3754.0,4.123105625617661,4.833218389437829,4.272001872658765,8.21522975941635,7.835815209663893,-1.2899450729750632,-2.9147938055359073,0.03455355774689739,0.13863973713415811,0.9551689399517123,0.007231607810316423,7.317802666571192,1.9890259257042278
A,2784.6,2624.7,2662.1,2869.2,3750.9,9.520504188329525,14.121260566960729,11.51911454930456,8.022468448052631,5.146843692983108,-1.294436947866092,-2.935864531882942,0.04431725635374084,0.13114478081306258,0.9519936446817449,0.008252301834502271,6.627140490025312,1.1600081575002255
A,2786.9,2628.5,2657.7,2869.3,3752.1,7.272551134230684,5.044799302251775,10.421612159354233,11.619380362136356,9.51262319236918,-1.2954462519552163,-2.9104207392024186,0.03631380402261297,0.12035937469144553,0.9519355196776482,0.006226265015692315,7.562626052417403,0.9407588380119312
A,2790.4,2628.4,2655.5,2870.4,3750.4,6.483826030978932,12.650691680694775,13.017296186228537,7.552483035399683,5.161395160225576,-1.2832091115881519,-2.922923707715851,0.04026507068041374,0.06480976924558046,0.9560354834350168,0.004019255300943419,6.653713369614259,1.0043049312915213
A,2789.3,2626.0,2659.1,2870.7,3748.3,3.0999999999999996,8.79772697916911,15.889933920567447,13.176114753598648,3.4942810419312296,-1.287036841125749,-2.9188587566258795,0.024948832414785738,0.10068329194584358,0.9530626262372988,0.006452167826628492,5.371521737235341,1.5091866108630283
A,2784.5,2629.0,2656.2,2867.3,3751.8,14.637281168304447,10.26645021416848,6.2577951388648065,5.532630477449222,4.894895300208167,-1.2905814298015954,-2.940197179069969,0.022076673394857416,0.10433946949451789,0.9534451531461585,0.005686821792390387,6.390071424745024,1.315457025773589
A,2788.5,2631.5,2659.5,2867.7,3750.8,6.407027391856539,17.67059704707229,11.20937107959229,9.829038610159184,5.81033561853358,-1.289543482980863,-2.9188587566258795,0.03162199305781588,0.07300644376220378,0.9570395527213751,0.0023009838917691554,6.465525693662355,1.2585934627956412
A,2790.7,2629.7,2655.7,2863.2,3753.0,10.070253224224304,11.602154972245458,5.158488150611572,10.92520022699813,5.865151319446072,-1.299376061913593,-2.9441970937399127,0.023742277050753824,0.07688971853446169,0.9556181500531435,0.001987784949977704,6.573056442485455,1.7549071211606793
A,2793.7,2636.4,2659.9,2869.8,3749.0,7.335529974037321,5.782732917920384,9.994498486667553,6.8527366796047255,4.09878030638384,-1.294436947866092,-2.947900729705495,0.02451174170298409,0.07688971853446169,0.9557267201390731,0.002537008515928108,6.248913280590711,1.5967945427189605
A,2788.2,2621.6,2665.5,2867.8,3751.2,4.4,8.440379138403678,12.060265337047937,9.335952013587045,4.422668877499196,-1.300459657896597,-2.9441970937399127,0.02430097881386728,0.11034540328565434,0.9553046386736253,0.0017456599480310375,4.671798244145457,2.641024643201846
A,2784.1,2631.3,2655.6,2870.2,3752.7,4.72122865364515,4.267317658670374,7.102112361825882,7.871467461661772,5.916924876994806,-1.3013540554549325,-2.935864531882942,0.024883307980521963,0.08632340094046276,0.9508046118197727,0.004537636196437037,5.793840515075416,2.0515998844488745
A,2781.9,2627.5,2656.9,2868.7,3748.8,9.12633551870629,8.777812939451376,5.281098370604357,14.30419518882485,3.3406586176980135,-1.3007707594064717,-2.9441970937399127,0.022304544530650894,0.08632340094046276,0.9570122373319311,0.0061300568457096465,7.045694490933744,0.8839791515787586
A,2786.4,2623.0,2658.2,2862.0,3747.8,6.1838499334961226,10.334408546211051,7.858753081755401,10.881176406988354,5.3999999999999995,-1.2968693589429026,-2.92949544963791,0.021870227816233934,0.07039630330623625,0.9528333280181336,0.0053524777335157,6.45612671281808,1.1691911169850755
A,2785.3,2629.4,2655.5,2860.3,3749.1,9.633794683301073,9.759098319004682,9.962429422585638,12.791012469699185,6.057227088363124,-1.2968693589429026,-2.9147938055359073,0.01556576612541849,0.04555669280214758,0.9560891172047921,0.005796547469099747,5.8806214788712206,0.7162688198145049
A,2788.2,2629.2,2657.7,2865.3,3749.4,4.935585071701226,9.173875952943773,5.020956084253277,4.73392015141785,1.4966629547095764,-1.289543482980863,-2.926711514041449,0.03453063636247067,0.12035937469144553,0.9574002087736947,0.002200054564280138,7.420891494479436,2.523311202995534
A,2787.6,2632.7,2661.7,2863.9,3748.7,4.476605857119878,8.295179322956196,3.606937759374287,6.34744042902334,2.72213151776324,-1.2905814298015954,-2.9188587566258795,0.024731812554687815,0.07300644376220378,0.9553794164913288,0.003189129142575184,6.443769453656872,1.1137303210915206
A,2786.9,2625.9,2658.3,2865.7,3749.5,5.3,9.31074647920348,6.914477565225011,5.532630477449221,5.6964901474504455,-1.2858108199332285,-2.9147938055359073,0.024530440813699927,0.10494462978814179,0.9537906946875296,0.004828118420243824,6.872572423615965,1.0151001340524919
A,2784.5,2630.1,2661.6,2859.3,3749.0,4.104875150354759,8.619164692706597,9.046546302318914,11.79025020938911,2.898275349237888,-1.2706894482415125,-2.9013308316659296,0.050078641693534376,0.07696211382787954,0.9523209009530719,0.0022139575266066176,9.767701742603496,1.4863790457150017
A,2793.6,2644.8,2675.4,2892.6,3765.1,8.499411744350311,9.228217596047463,8.380930735902785,5.96992462263972,7.006425622241344,-1.2880747879464813,-3.026716048172894,0.0415583649693716,0.18682016093059595,0.9509177482703961,0.005952816506486354,8.768762019676902,1.4284721356301702
A,2794.1,2645.7,2671.1,2887.9,3759.5,5.974110812497539,8.532877591996735,8.814193099768124,16.25084613181726,6.974955196988724,-1.2820033588328004,-3.0127248653086443,0.047320950910060056,0.14100974339071248,0.9546683043551507,0.006199085389115062,7.441749109732482,2.227696161462736
A,2791.0,2647.7,2674.2,2883.0,3757.8,2.280350850198276,10.91833320612629,5.344155686354955,12.17374223482656,4.578209256903839,-1.2785648984918658,-2.9917288116979597,0.04257701881872,0.08325261526958005,0.9542556016277646,0.005123159380001182,6.262342674481208,0.8543209159160022
A,2806.8,2639.1,2669.4,2881.4,3758.0,5.015974481593781,5.8728187440104085,9.65608616365865,8.138795979750322,6.356099432828281,-1.254541932823971,-2.9340369971821456,0.03471874778808792,0.07982998571223732,0.9495532267020161,0.004320840171713648,7.27701389113123,1.6903812671356482
A,2794.2,2635.5,2672.9,2874.4,3753.4,3.736308338453881,5.6258332716140815,7.475961476626267,3.7735924528226414,3.555277766926235,-1.222855311923412,-2.838707785214822,0.041188828513077036,0.06888984153396427,0.9520994224881321,0.004085302652887174,5.488515031996575,2.0335615907927735
A,2792.8,2636.7,2668.8,2881.0,3753.8,4.142463035441596,12.32112007895386,6.523802572120036,7.602631123499285,2.7129319932501073,-1.2249807588030552,-2.8590377011202057,0.04533322876684531,0.06580741839196014,0.9498903992620896,0.005313133699413454,6.936630036935194,1.1782672577511693
A,2795.2,2639.2,2665.8,2881.8,3757.7,4.915282290977803,8.840814442120138,8.059776671843954,20.721003836687064,3.6619666847201113,-1.2155981393676374,-2.848746973795266,0.04806111581190198,0.11360886654610125,0.9501140910479696,0.005763158169830765,6.383431200632922,1.410360275527547
A,2797.0,2636.1,2669.8,2886.8,3754.9,7.536577472566709,6.0074953183502355,8.784076502399099,12.998461447417537,2.0712315177207983,-1.197509794947767,-2.8555412118724752,0.014890496993816615,0.09065988720074536,0.9528208922578665,0.005687466652487511,6.558862569342153,0.7474769538135981
A,2773.3,2646.6,2670.0,2887.2,3767.8,5.254521862167861,6.3118935352238,14.021412197064887,16.381697103780184,4.48998886412873,-1.107597647062157,-3.046640947247037,0.03257991568908114,0.04718249437284738,0.950388412822084,0.00786541629668905,6.212471717809338,1.0031625767636507
A,2778.1,2641.5,2677.5,2885.8,3768.0,2.3000000000000003,10.726136303441235,11.543396380615196,9.271461589199408,14.099645385611653,-1.10290174677764,-3.041262148004527,0.069049205229331,0.07874184685987817,0.9481660513506606,0.007151158374437604,6.327026037115951,2.1654748961040453
A,2789.6,2640.0,2669.5,2881.1,3765.0,4.6303347611160905,13.3566462856512,7.864477096412704,7.968061244744545,4.626013402488151,-1.1108543158764757,-3.0829738150870174,0.037760425081119875,6.235548275196405,0.9533549132010274,0.005865959040224252,7.302727207200822,1.5384945034704853
A,2784.1,2636.4,2667.4,2873.6,3763.5,7.502666192761078,12.101239605924675,8.248636250920512,13.61763562443936,4.780167361086848,-1.2024100257132515,3.0655937929950503,0.10312155857797456,6.256875589926665,0.9544611723657248,0.006623476900092975,8.181534086866954,3.4958217897132755
A,2791.6,2637.0,2662.7,2880.7,3761.6,8.56971411425142,5.89915248150105,5.478138369920935,8.013114251026252,4.7791212581394085,-1.1079419226825946,-2.8984071686685695,0.13477808503021826,6.213530733451018,0.9496573962436049,0.08155261957666675,22.770343710492412,8.982577987751538
A,2791.3,2633.5,2666.8,2876.3,3765.9,6.603786792439623,14.368368035375486,9.724196624914574,6.738694235532578,14.638647478507023,-1.1659995212257481,-3.015502955267383,0.062470080139377604,0.08092524125125466,0.9512100636202397,0.008331558532432363,8.146930345516136,4.687963944540137
A,2795.5,2630.1,2661.5,2876.2,3762.0,3.8013155617496426,22.954084603834673,6.917369442208505,5.491812087098392,3.687817782917155,-1.1652864272789145,-2.9607669191262183,0.05864472301539192,0.14985132070387586,0.9518033189124167,0.008392979644263776,6.440949532222608,2.021375552281509
A,2792.8,2631.0,2666.4,2868.4,3761.5,15.54863338046145,14.730919862656235,12.273548794053006,16.799999999999997,4.759201613716317,-1.1821061512109508,-2.987700504776864,0.04303574127314058,0.08435814640790928,0.9530112137908958,0.007721812533564329,7.079340619483913,1.4302294897411172
A,2790.1,2627.6,2659.3,2873.2,3759.5,3.78021163428716,7.631513611335565,17.703389505967493,9.130169768410662,4.295346318982906,-1.1797206366044266,-2.976443976175166,0.024530793252279137,0.1080117247000465,0.9516189026026177,0.003385883841723268,6.833238315472444,1.3252902036759064
A,2791.2,2633.4,2666.5,2867.4,3758.0,9.45304183847718,14.705101155721438,10.39471019317037,9.43610088966836,9.939818911831342,-1.187122891411371,-2.986012186026842,0.051029905699396805,0.09897189639117032,0.9535973275463066,0.009062940832978662,6.360684048957742,1.2152729855199338
A,2795.0,2623.7,2659.0,2872.5,3758.4,8.148619514985345,21.54089134646011,8.037412518964047,19.19505144562004,5.44426303552648,-1.1872513193897583,-2.9693674171015045,0.043684842595268725,0.11091916127093482,0.9537375732800459,0.008039982207012214,6.310787875246929,1.5453758098392596
A,2790.8,2627.4,2659.9,2867.5,3759.7,4.044749683231337,9.76933979345585,5.3563046963368315,20.011246837716033,5.568662316930341,-1.1775251067197097,-2.986012186026842,0.08178856944179214,0.16438003805792878,0.9518707127066625,0.010106744842447248,7.4262446956349635,1.4678861401871564
A,2788.5,2633.2,2661.7,2873.2,3758.7,4.695742752749559,17.75274626642312,13.077079184588584,14.441606558828557,5.692978130996113,-1.195370690867965,-2.9792051456436535,0.14884936362412482,0.2438305580056035,0.9518904610061337,0.02132018399382043,9.855710846854127,3.0426951380645875
A,2791.6,2627.6,2658.4,2869.6,3758.3,6.590902821313633,6.740919818541087,9.167333309092673,10.518555033843766,7.280796659706959,-1.174883923145226,-2.962601640139318,0.1588021142393492,0.23923159996366028,0.9582508257096375,0.022920624485334985,9.385185322604475,3.0922898409381907
A,2796.4,2627.4,2661.4,2872.4,3759.6,13.566134305689296,11.586198686368192,6.7852781814749505,12.99384469662463,5.332916650389354,-1.1461902311241015,-2.896613990462929,0.16203946218021903,6.218758467754032,0.9532793849249414,0.02526686124403918,8.92648084950083,3.8994293997320906
A,2793.9,2626.8,2662.6,2872.9,3756.7,3.448187929913334,14.517575555167607,8.368990381163071,10.034440691936945,4.583666654546335,-1.1566293472622724,-2.8867058642864274,0.08562040324732023,0.15550744339771772,0.9522144488916476,0.0178225509390694,8.313593737205391,2.987143982585924
A,2791.3,2626.4,2658.8,2869.8,3755.7,4.94064773081425,5.868560300448483,3.3105890714493698,13.555810562264435,4.859012245302537,-1.166342519552666,-2.9035579884284126,0.04940786312073797,0.08286182423994237,0.954561042680143,0.012775593817827271,7.827974658183872,1.4090928822583284
A,2789.8,2623.3,2658.4,2869.5,3757.4,9.335952013587045,4.960846701924985,5.936328831862332,6.391400472509918,2.2891046284519194,-1.1758273340636403,-2.9005752118969275,0.07557497972318838,0.13473260923377417,0.9536167582351368,0.010727460701807278,7.165610641645493,1.265153797898449
A,2791.0,2630.6,2659.5,2868.9,3755.1,8.613942186943213,11.560276813294742,7.684399781375251,15.507740002979157,2.7,-1.17567007093517,-2.92774670924969,0.11474032092738651,0.18993698745192633,0.9548054516083673,0.011249425716088694,7.162484815114366,0.5938613249371707
A,2791.6,2620.7,2659.0,2863.5,3757.6,3.104834939252005,6.841783393238929,4.219004621945797,13.177632564311391,3.0724582991474434,-1.1654088866916328,-2.9088885683087495,0.12557354662672715,0.2011268858165396,0.9557668396570576,0.015157447409125021,7.471722333244271,3.015474320052949
A,2790.2,2627.7,2651.5,2863.6,3751.4,7.2636079189339515,12.215154522149934,10.800462953040485,8.97997772825746,12.142487389328432,-1.1719377278492034,-2.9028248511239063,0.11475165855675806,0.21251566285387868,0.950790070780115,0.01811743099734933,7.5146274111087665,1.7291138979872835
A,2791.6,2623.0,2658.1,2870.7,3754.2,7.670723564306043,12.255610959882823,6.236184731067546,9.370699013414102,8.761278445523804,-1.175213224489516,-2.8863622217288514,0.09131264811958872,0.1828814463163373,0.9518337983916723,0.009613544574257064,6.552427499072282,2.102860877329111
A,2790.8,2619.3,2654.3,2858.9,3753.0,4.915282290977803,10.000499987500627,5.197114584074512,18.310925700247925,3.5777087639996634,-1.205371306526963,-2.9044873553878636,0.08504103654347239,0.12906228683434717,0.9507800204456005,0.016350924177654737,7.298244796205433,1.3260667006830091
A,2792.3,2625.5,2652.1,2875.7,3753.6,4.050925820105819,6.591661399070799,7.354590403278758,21.49441787999852,2.8000000000000003,-1.1877561472761584,-2.896613990462929,0.06438106054649229,0.11119785907400548,0.9504031801814945,0.009153966402703462,6.530282657273759,1.1080787048353413
A,2792.6,2626.4,2657.9,2862.3,3755.3,4.862098312457287,7.812809993849845,3.8065732621348563,3.8742741255621036,5.0803543183522155,-1.2003416380215524,-2.882621643135237,0.042740697141035566,0.08080296646949092,0.9540143908185801,0.00515190363393743,6.191948092950097,1.321407890929837
A,2789.2,2620.8,2655.2,2862.1,3753.8,7.332121111929345,5.670978751503129,10.759182125050213,18.662529303392933,8.14616474176652,-1.204187922485601,-2.874207732156293,0.07907847235642373,0.20464180982977798,0.9546802310743582,0.009780408775200708,7.01914458899499,3.1280839564791676
A,2813.4,2618.8,2656.6,2865.2,3750.2,6.98856208386246,9.631199302267605,8.581375181169975,5.192301994298868,10.476640682967037,-1.195939911531072,-2.9247255979793394,0.02506577405325472,0.09647377518258704,0.951086254898082,0.0038646790216689806,8.145555065211582,2.174247612303151
A,2798.5,2649.0,2683.3,2893.0,3765.2,2.5787593916455256,6.196773353931867,9.132907532653553,11.198214143335536,5.81033561853358,-1.2637109561486084,-2.9678706198171336,0.07156594652561798,0.1916872668956291,0.9531384507604898,0.010820983406949496,8.178363170747815,1.5822407678213053
A,2799.3,2639.0,2681.4,2889.5,3769.2,4.69148164229596,10.927030703718188,6.437390775772433,14.921461054467823,2.1354156504062622,-1.2425259605083343,-2.9340369971821456,0.0990610033336845,0.20285998633436853,0.9539532606227095,0.014600566677391116,13.293300768290882,3.945107689754108
A,2821.5,2646.4,2678.8,2881.9,3765.2,5.239274758971894,6.248199740725324,6.3999999999999995,11.237882362794158,6.539113089708726,-1.0842108003774564,0.05464995474310541,0.028571830475855542,6.283185307179586,0.9516820013791815,0.005600736640457614,7.6269705022132,3.3970091195594003
A,2819.0,2638.0,2671.2,2900.0,3759.2,5.89915248150105,8.426149773176359,9.610411021387172,22.79034883453959,6.99714227381436,-1.0996305358373073,-3.081567995542182,0.0708218566356913,6.283185307179586,0.9498074583709443,0.005982643473149138,8.333410133938795,2.2752242833545524
A,2812.2,2634.6,2668.6,2875.6,3758.7,4.166533331199932,23.452931586477625,8.200000000000001,30.75776324767456,10.872442227944925,-1.102236235209173,-3.09511452223879,0.06565344733256251,6.241542728080998,0.9509017492796987,0.005988590552777085,8.301122318877733,2.765188645830506
A,2820.4,2629.6,2667.1,2891.2,3758.3,10.772186407596186,16.3413585726524,6.949100661236676,19.358718965882016,5.657738063926254,-1.1140678035701717,-0.0003046922231006999,0.03297856559120449,6.283185307179586,0.9508878108140193,0.007236798001981366,7.038083026116939,2.2917323834786294
A,2810.3,2629.5,2662.3,2880.3,3754.5,4.754997371187496,12.314625451064275,16.504847772699996,17.55021367391292,7.566372975210778,-1.1103573764517316,-3.0325133477651436,0.10130836014500333,6.215108848921587,0.9476891919698313,0.026743137878123834,8.28983882047015,2.4765121301189077
A,2802.0,2627.7,2667.1,2879.7,3755.8,7.9498427657407165,5.9169248769948055,7.020683727387241,8.66083136886985,2.7856776554368237,-1.140514925331932,-3.0616360920106835,0.0615676632700497,0.09936020092784137,0.9476278304535061,0.010074470208449334,6.147030421104462,1.7780374017484255
A,2799.5,2620.9,2658.8,2868.3,3755.6,4.201190307520001,18.20686683644388,5.810335618533579,5.984145720150872,2.3748684174075834,-1.148153717166279,3.076582089393512,0.05108886205435592,0.07721192448833358,0.9533323966625963,0.0075724153049358785,7.75821868477296,2.563759512754604
A,2801.9,2627.3,2656.1,2868.5,3754.2,8.83685464404615,9.53991614218909,9.833107342035884,4.544227107000705,5.582114294781145,-1.1281057585883607,-3.1165978599708732,0.03316465735006924,6.258799898006868,0.9528629425095305,0.010110034227385406,7.12004451863599,2.0412682461258256
A,2805.2,2622.6,2654.1,2870.6,3751.6,7.626270385975047,10.79073676817297,11.076551810017412,15.272196960489998,5.102940328869229,-1.109011604375503,3.0763364799638375,0.059523977351916724,6.283185307179586,0.9476550554073395,0.01413845680803144,7.700099381540056,1.6716128482416097
A,2801.6,2622.6,2656.5,2868.7,3752.1,3.9293765408777004,13.009227494359532,9.12414379544733,5.692978130996114,5.008991914547277,-1.106705970664245,3.0970898206043995,0.08200261275159426,6.283185307179586,0.9509540143306463,0.015048675304788489,7.446618437742666,1.286803731215838
A,2801.4,2613.9,2656.4,2869.7,3752.7,4.317406628984581,9.071383576941281,9.079647570252934,13.115258289488622,13.557654664432192,-1.0915590668583395,3.1061752905460702,0.06180547100976397,0.11575921772081044,0.9491686339140089,0.009428912652794158,7.215436471067688,1.4871672844660935
A,2801.2,2622.4,2654.5,2871.5,3754.3,8.121576201698781,12.776541002947551,5.643580423808985,3.442382895611701,3.287856444554719,-1.0902097573600855,3.0852385202841086,0.051555422572787446,0.0750346329248468,0.9523461892664933,0.01080443379304651,7.7607161572162555,1.7108374344520694
A,2798.9,2624.3,2654.4,2858.6,3753.2,2.773084924772409,11.975391434103521,5.180733538795447,19.26758936660214,5.015974481593781,-1.109228152443148,3.106383617069545,0.047596537670378636,6.237738585496304,0.947890790151815,0.01196034888152081,7.573590173469367,2.0211313377235656
A,2795.4,2618.5,2653.1,2869.4,3750.1,2.90516780926679,7.283543093852058,6.441273166075167,7.241546796092669,4.27668095606862,-1.1031984772505141,-2.974467701881791,0.04178473640479652,0.10907069577815154,0.9488619220151394,0.011876571463843227,8.031515656472646,1.4581893772191414
A,2800.2,2613.3,2654.5,2868.7,3756.4,6.539113089708725,7.184010022264724,8.546929273136639,9.829038610159184,12.611106216347558,-1.1187631300863448,-2.9882633109870675,0.08344614711515042,0.08018484730131625,0.9501541543242803,0.012533276519389909,6.265009265729171,1.6007088743202582
A,2798.0,2616.2,2656.3,2859.6,3753.0,6.782329983125268,7.166589146867567,7.029224708315989,7.102112361825882,3.286335345030997,-1.1171724225888688,-2.980717376391472,0.06683480366296024,0.09688540559005299,0.948551518038232,0.010488928799713325,7.455636600393926,1.4044048144557537
A,2795.5,2617.1,2651.8,2858.9,3753.6,5.352569476429054,6.487680633323437,6.508456038109192,11.326517558367179,4.715930449020639,-1.124975026789674,-2.982597066784356,0.07101940620074965,0.12955200275993928,0.9521303891187834,0.010849982327830297,6.815674860024872,1.304053757490441
A,2800.3,2616.5,2660.4,2862.1,3751.2,4.450842616853577,7.1449282711585,7.405403432629448,15.20164464786623,5.670978751503131,-1.121870389353385,-2.958536770084824,0.06543031179624115,0.1062163944925123,0.9517134298861423,0.009568039211609604,5.978826968437362,0.7044487784687484
A,2798.0,2616.7,2655.0,2862.4,3751.8,2.569046515733026,14.622243329940861,5.882176467941097,11.16422858956229,3.1874754901018454,-1.1343418542049428,-2.970419207362922,0.048268124126015,0.06834576411562443,0.9513965030157534,0.006685360827620008,6.360287290556636,0.8722187693369801
A,2794.4,2651.7,2682.1,2894.9,3772.1,8.452218643646177,3.5510561809129406,5.906775770248943,10.348429832588131,6.564297372910524,-1.1435042366318497,-3.0419240010986313,0.02217995865229705,6.180710972372749,0.9480861662998501,0.005711503379375572,4.114657152683487,2.2616579130961907
A,2793.3,2650.6,2682.4,2905.0,3766.5,9.455686120002081,4.862098312457287,8.662563131083086,22.7508241608958,4.674398357008098,-1.13514452266838,-3.0800931730772625,0.029715971680040365,6.2318807963077445,0.9515468312815074,0.0062151329931349805,5.2683469567954315,1.62636107393909
A,2784.5,2649.2,2683.8,2895.1,3767.0,14.739402972983676,5.2497618993626745,9.357350052231668,19.775995550161312,2.32379000772445,-1.1451304141159144,-3.064820762320015,0.03378704698450807,0.12750955821523835,0.9472731453149409,0.007320393783025863,6.2808079358093485,3.156742256421057
A,2792.6,2639.5,2678.0,2896.0,3766.4,10.919706955774958,13.26838347350573,7.563068160475615,13.379088160259652,10.49952379872535,-1.162216995519763,-3.049762203730104,0.03481426689943734,0.08400452328155117,0.95087473223588,0.005219539763550586,5.324210838942941,1.925060763322161
A,2794.7,2641.9,2677.7,2885.4,3766.2,10.469479452198184,13.239712987825682,7.043436661176133,17.246448909848077,2.7856776554368237,-1.1361597214330308,-3.0454902012926324,0.09716323190430765,6.224327889422051,0.950294190986142,0.0078070851150593805,9.811372211104112,1.9898782211919515
A,2793.9,2642.9,2674.7,2887.8,3760.8,3.590264614203248,6.949100661236676,6.664082832618454,16.308280105516953,5.211525688318153,-1.187296586039281,-3.085213992043948,0.06202891582107162,6.256164857992322,0.9538726451742938,0.005193918385522505,7.627889002035057,1.4090313597051742
A,2790.5,2644.0,2675.1,2894.0,3763.4,1.8027756377319946,10.430723848324238,4.504442251822083,11.983321743156194,2.4166091947189146,-1.180322923462165,-3.0464015373855737,0.035160403686771424,0.07532889082833982,0.9512116914349942,0.005130114752840857,7.7551910213251105,1.4162811241975912
A,2789.0,2643.6,2672.3,2887.2,3759.2,4.8166378315169185,5.295280917949491,4.838388161361178,9.303762679690406,5.509990925582364,-1.180322923462165,-3.0338255736377286,0.052363292026803565,0.13299210403241357,0.9522518672788516,0.006810379133357672,6.133840394771368,0.8096863661140761
A,2784.9,2646.4,2670.0,2887.0,3762.8,4.4821869662029945,6.902173570694959,8.342661445845684,14.27585373979434,5.075431016179808,-1.1836818415740438,-3.032419107586435,0.05337426002828427,0.04881614827476399,0.9521137248048644,0.007710709319305375,4.902072075473752,2.242536369127701
A,2787.2,2635.8,2674.7,2881.5,3761.4,8.874683092933516,13.006152390311287,6.325345840347388,10.781929326423912,5.748043145279966,-1.1701204340507778,-3.0339027827569724,0.042717230207454326,0.057549550683190454,0.9523783362906919,0.003937583544966448,5.698931878482331,1.276885055288004
A,2788.0,2640.9,2674.2,2885.1,3759.5,3.687817782917155,10.36773842262622,5.653317610041028,9.321480569094161,4.5,-1.1711560352786385,-3.059569988067957,0.038459122431999226,0.0521913655871038,0.952475059281322,0.004611013667529265,5.233706080777261,1.3831271308289474
A,2787.8,2636.5,2671.1,2885.4,3762.2,4.422668877499197,8.73212459828649,6.220128616033595,10.071742649611338,3.682390527904394,-1.1638707369125343,-3.046485607772296,0.06580676084278747,0.07828658262881572,0.9515955659688133,0.005087123793855659,6.472392464083294,2.0443008073367763
A,2786.0,2641.0,2671.4,2881.2,3757.8,4.427188724235731,11.755849607748475,5.370288632839022,13.731715115017497,3.370459909270543,-1.1797953035398034,-3.066884798631559,0.08209953361762867,0.1651486774146269,0.9546706473467623,0.007997192914621108,10.791822516988889,3.1413717961762524
A,2787.7,2662.1,2692.8,2906.2,3771.8,5.367494760127857,6.564297372910524,7.743384273042376,6.982836100038437,4.621688003316537,-1.1253900956505447,-3.049762203730104,0.05602147070605468,6.237210323527482,0.948320882206904,0.012145137723347636,9.276191741362616,2.2337651571899837
A,2785.4,2653.8,2686.7,2902.2,3768.1,5.40740233383831,10.215674231297708,11.171839597846006,6.273754856543249,3.9102429592034307,-1.1209005831925238,-3.081567995542182,0.01902075552116811,6.283185307179586,0.9465457112569761,0.004606137321590141,8.831058939033692,2.340003849422713
A,2786.7,2647.3,2687.1,2904.3,3768.3,8.136952746575343,15.543809056984715,7.119691004531026,10.761505470890214,8.025584090893322,-1.1196856764433067,-3.0711116343328637,0.03349018601579168,0.0748738692197608,0.9460429394862228,0.004770392883908043,8.328358548766365,1.873180152358604
A,2784.7,2652.1,2686.1,2897.7,3767.7,4.6701177715342475,3.7000000000000006,6.057227088363123,7.142128534267638,7.925276020429825,-1.1151819461644907,-3.068552088286674,0.027853691382195622,0.07400157544110275,0.9491254366316777,0.007134811751328702,7.92440288828667,1.602413449804349
A,2782.4,2651.7,2683.2,2894.9,3767.5,7.748548251124207,3.9255572852781047,5.89576118919347,5.838664230798,7.513321502504734,-1.1052702234045997,-3.02838443414244,0.0371149681495162,0.05169742684219569,0.951440249204443,0.004631651302423062,8.595445995920931,1.658112822218933
A,2778.8,2648.1,2677.0,2895.7,3766.5,5.418486873657626,5.448853090330111,10.908712114635714,7.849203781276161,5.277309920783504,-1.0943034257322708,-3.024468065150319,0.03263608561593867,0.074488790213882,0.9488250363866098,0.0055722819336842385,6.782755111209871,0.6523596411155138
A,2781.6,2646.4,2676.4,2898.2,3763.0,5.257375771237966,5.748043145279966,8.052328855678958,6.8527366796047255,4.8373546489791295,-1.0838072916518495,-3.007553030448706,0.043613471003998816,0.07756428413087502,0.9508630425278197,0.0030780439792030445,7.6400640164538585,1.2551262185481376
A,2831.9,2637.6,2666.4,2877.6,3752.0,5.923681287847955,7.939773296511683,8.8,14.291256067959877,11.045361017187261,-1.2004333650356065,-3.0819487323408783,0.05823397509225137,6.283185307179586,0.9521937839964034,0.0075496833450505885,8.52117477806579,1.5827698511329475
A,2828.1,2639.6,2665.2,2877.8,3752.7,7.529276193632427,6.069596362197408,5.192301994298868,14.204224723651764,7.563729238940273,-1.18795146461331,-3.0733913513893194,0.0350370749646729,0.08602137055028702,0.9520963099727977,0.0047556846176249725,7.544719245210162,2.1071216175046525
A,2828.9,2635.0,2668.1,2880.3,3756.1,5.374941860150676,9.327379053088816,5.3,11.593532679903912,3.645545226711637,-1.1812635036019137,-3.059569988067957,0.03643199874818337,0.03400587315177228,0.9515796280175864,0.0024922965136058017,6.46989614293219,1.3445087949400578
A,2822.9,2637.9,2666.3,2875.4,3755.0,4.0853396431631,7.8670197660867744,8.649277426467485,7.709734106958554,2.449489742783178,-1.1812635036019137,-3.0606885544345626,0.02228997174909475,0.058293501897991096,0.9538504511479049,0.0030523507233676628,6.812887816534547,1.1623078763026327
A,2817.4,2629.7,2666.7,2874.9,3755.9,16.347476869535555,10.247438704378768,1.8466185312619388,6.252199612936235,4.036087214122113,-1.1759664967211254,-3.046177102229162,0.01931535043400978,0.032887907988477405,0.9535388856183792,0.0036869518114187143,6.457597746661416,0.939894325077771
A,2821.4,2633.4,2665.5,2879.5,3756.2,5.851495535331118,9.840731680114036,8.065358020571685,7.032069396699666,5.15363949069005,-1.173947019491541,-3.0472956685957673,0.026736203520228985,0.08639854935844715,0.9515603444511382,0.005736799458845041,6.711041084660718,1.1784258822666376
A,2797.8,2624.1,2663.2,2875.7,3755.4,3.280243893371345,7.091544260596559,2.039607805437114,14.505516192124981,1.9595917942265426,-1.1392658922006227,-3.029580830070832,0.12900914217874648,6.189708526020997,0.9519666372848574,0.005433368804026445,15.995659576148011,12.665097896344285
A,2816.2,2626.5,2661.4,2880.7,3759.7,7.194442299441979,9.82089608946149,13.093509842666327,9.306449376641986,4.648655719667784,-1.2503191349940144,-3.0199882768545088,0.09058522175558115,0.12519216471535266,0.9537534010831484,0.01022007447756716,11.58220035268097,3.456096785444069
A,2813.3,2624.0,2658.9,2885.5,3760.9,4.605431575867782,18.547236990991408,12.988071450373223,8.935882720806042,4.27668095606862,-1.2359518479945009,-2.97906175330337,0.10321793412410107,6.209246269521646,0.953520835057334,0.011314464705164893,8.218771451867118,3.1571958795700406
A,2811.2,2623.7,2662.8,2871.0,3758.6,2.7129319932501077,5.675385449465085,6.4156059729381765,8.62554346113913,7.787168933572715,-1.2209191002891209,-2.938383402261721,0.03093737807336816,0.16675381247270105,0.9529845452116629,0.005518748745877855,8.11813416392874,2.525119343011933
A,2803.8,2629.0,2666.1,2872.6,3756.7,7.4,5.157518783291051,2.5475478405713994,13.74918179383777,4.69148164229596,-1.2272550076747228,-2.8890383778117337,0.03228301167183045,0.07609909478012877,0.9535599509808034,0.0036633161872397153,6.749077015547082,1.7717334557472542
A,2802.6,2627.1,2662.1,2876.1,3755.6,6.7111846942250075,8.360023923410745,10.18282868362225,15.533512159199542,3.0397368307141326,-1.2188151980752377,-2.9001853582976356,0.03677344052640752,0.0875271686772332,0.9558937730204811,0.006862557880909915,7.338698977203583,1.4411513876033593
A,2802.7,2621.2,2664.0,2876.8,3756.5,6.1489836558572835,5.741080037762929,4.219004621945797,5.912698199637792,1.284523257866513,-1.211095319184373,-2.8781654331406603,0.03397241949808749,0.09326014924668158,0.9500681845906145,0.004521573696633397,7.026878147520636,1.285213406363692
A,2805.1,2631.6,2662.0,2878.2,3756.7,2.5475478405713994,14.725488107359974,6.164414002968976,9.53729521405309,7.156116265125938,-1.2093841985590292,-2.871382903454501,0.042332748485108374,0.12207313389786734,0.954537998574201,0.006870900811285825,6.098869940763565,0.9023111689714429
A,2802.7,2620.4,2662.0,2867.8,3754.5,6.94334213473598,12.84678948220138,4.147288270665544,17.68502191121063,7.102816342831906,-1.2056157611156626,-2.8674252024701343,0.03228134477948452,0.056398637653737094,0.9525815474507761,0.006956684288139245,6.861500350879877,1.6300101026911846
A,2806.0,2625.7,2660.9,2876.0,3756.3,3.3466401061363023,7.22564875980005,4.3920382511995495,16.303373883954205,4.050925820105819,-1.2011669481789982,-2.8614832071713048,0.024562811941758023,0.054130335916687145,0.9514140430641091,0.004617213489249986,6.6206265067732755,1.3850720767566878
A,2802.6,2623.4,2662.8,2871.2,3755.6,4.2708313008125245,5.8,8.447484832777151,7.277362159464101,2.65329983228432,-1.2011669481789982,-2.8473580884786056,0.022597773389104736,0.0723251847404347,0.9526533376717825,0.003408551424359462,6.396886127251472,0.9727527306451864
A,2801.0,2624.4,2658.8,2866.6,3751.8,4.266145801540309,7.031358332498779,5.436910887627274,25.231726060656253,11.196428001822724,-1.1982084887827016,-2.838024757094007,0.019658038226567864,0.09251862111964693,0.9556466683865461,0.006280541512852893,6.3555290709544225,0.9935040152174593
A,2803.2,2620.6,2659.5,2870.4,3753.0,3.9446165846632044,13.46996659238619,8.212794895770866,3.6932370625238775,5.5677643628300215,-1.19726227905076,-2.8473580884786056,0.021598715123805734,0.0999997783068749,0.9536962309841137,0.00484757740486754,6.280073974307247,0.42724802776464565
A,2802.0,2623.8,2658.9,2871.3,3755.7,7.694153624668538,16.503332996701,3.961060464067672,9.675226095549396,2.8653097563788803,-1.1897098656497933,-2.8286914257094087,0.02536705315658172,0.06271956186658878,0.9500344004101795,0.005885408844808521,7.005737477058888,0.6472112503136589
A,2803.2,2623.6,2662.4,2877.5,3755.6,3.1240998703626617,4.800000000000001,5.885575587824865,8.913472948295743,4.17612260356422,-1.1884609304386786,-2.8242667624512796,0.015407227343610552,0.11517735728753076,0.9516938777544478,0.005363118934152585,6.198946550341484,0.8196472814628384
A,2799.9,2621.6,2659.4,2868.2,3750.6,4.27668095606862,9.718024490605075,5.834380858325929,7.291090453423274,4.17612260356422,-1.185112125745671,-2.8023000391357487,0.022223292480817003,0.0969711638508457,0.9510467092939416,0.0063369346820769746,6.541530230649196,0.8320410095077635
A,2801.1,2619.8,2659.4,2876.2,3754.1,3.2695565448543626,8.207313811473277,6.280127387243033,6.029925372672534,5.127377497317708,-1.183827204442093,-2.78938920964746,0.021592864792308264,0.11517735728753076,0.9500634355832647,0.004412297329478509,6.139057691794937,1.3561307668559892
A,2801.3,2620.5,2659.1,2871.8,3753.0,3.0675723300355937,8.464632301523794,5.204805471869242,7.413501197140255,7.64198926981712,-1.1785846840532013,-2.7763912038016203,0.027634366994160997,0.061936184550804185,0.9525826135155613,0.005134630255703601,5.7215509602383126,1.8965797134304787
A,2799.9,2622.7,2658.8,2873.3,3756.3,3.0805843601498726,6.148983655857283,5.381449618829484,12.578155667664477,5.8999999999999995,-1.1709275597953888,-2.761086276477428,0.02573870737168571,0.0502906461527175,0.950656484978061,0.004716732890240824,6.12538914529461,0.4324440064412532
A,2798.3,2623.7,2662.3,2867.3,3755.6,4.605431575867782,18.973929482318628,6.558200972827837,16.192899678562824,4.983974317750845,-1.16984570528003,-2.7687387401395243,0.02035667660548146,0.049255901984323724,0.9518138841211605,0.006350590066295142,6.34704843812453,0.6376724269568003
A,2796.7,2619.4,2655.8,2871.4,3750.6,5.780138406647371,3.2310988842807022,11.382442620105756,4.715930449020639,4.454211490264018,-1.1708794351155367,-2.7658938206272796,0.025379057210306533,0.07464113302756337,0.9497193791468039,0.007287034582697297,6.126855256062967,1.0040939553914212
A,2801.8,2614.9,2658.9,2865.2,3755.5,11.660188677718727,12.707871576310488,5.57584074378026,10.476640682967036,8.17618492941543,-1.1678087472607586,-2.7509856098921066,0.025632294729440952,0.08420669851497653,0.9537988450243582,0.006145179427851627,5.714530325503954,0.9714953210878965
A,2798.4,2626.4,2650.6,2868.7,3754.0,3.32264954516723,15.660140484682758,12.90116273829611,5.692978130996113,5.966573556070519,-1.1662608506027885,-2.7385430837705047,0.022051011758225103,0.0731421431452568,0.9504141118181417,0.004797505282222738,6.002977812892384,0.5724136423267396